<LayoutModificationTemplate xmlns:defaultlayout="http://schemas.microsoft.com/Start/2014/FullDefaultLayout" xmlns:start="http://schemas.microsoft.com/Start/2014/StartLayout" Version="1" xmlns="http://schemas.microsoft.com/Start/2014/LayoutModification">
  <LayoutOptions StartTileGroupCellWidth="8" />
  <DefaultLayoutOverride>
    <StartLayoutCollection>
      <defaultlayout:StartLayout GroupCellWidth="8">
        <start:Group Name="TCS Education System">
          <start:Tile Size="2x2" Column="0" Row="5" AppUserModelID="Microsoft.RemoteDesktop_8wekyb3d8bbwe!App" />
          <start:DesktopApplicationTile Size="2x2" Column="0" Row="3" DesktopApplicationLinkPath="%ALLUSERSPROFILE%\Microsoft\Windows\Start Menu\Programs\Skype for Business.lnk" />
          <start:Tile Size="2x2" Column="2" Row="3" AppUserModelID="Microsoft.BingWeather_8wekyb3d8bbwe!App" />
          <start:Tile Size="1x1" Column="6" Row="6" AppUserModelID="Microsoft.WindowsSoundRecorder_8wekyb3d8bbwe!App" />
          <start:DesktopApplicationTile Size="2x2" Column="6" Row="0" DesktopApplicationLinkPath="%ALLUSERSPROFILE%\Microsoft\Windows\Start Menu\Programs\Outlook.lnk" />
          <start:DesktopApplicationTile Size="1x1" Column="2" Row="0" DesktopApplicationLinkPath="%ALLUSERSPROFILE%\Microsoft\Windows\Start Menu\Programs\Acrobat Reader DC.lnk" />
          <start:Tile Size="1x1" Column="1" Row="2" AppUserModelID="Microsoft.Whiteboard_8wekyb3d8bbwe!Whiteboard" />
          <start:Tile Size="2x2" Column="4" Row="3" AppUserModelID="Microsoft.ScreenSketch_8wekyb3d8bbwe!App" />
          <start:DesktopApplicationTile Size="1x1" Column="1" Row="0" DesktopApplicationLinkPath="%ALLUSERSPROFILE%\Microsoft\Windows\Start Menu\Programs\7-Zip\7-Zip File Manager.lnk" />
          <start:DesktopApplicationTile Size="2x2" Column="6" Row="2" DesktopApplicationLinkPath="%ALLUSERSPROFILE%\Microsoft\Windows\Start Menu\Programs\Google Chrome.lnk" />
          <start:DesktopApplicationTile Size="2x2" Column="6" Row="4" DesktopApplicationLinkPath="%ALLUSERSPROFILE%\Microsoft\Windows\Start Menu\Programs\Firefox.lnk" />
          <start:Tile Size="1x1" Column="7" Row="6" AppUserModelID="Microsoft.Office.Sway_8wekyb3d8bbwe!Microsoft.Sway" />
          <start:Tile Size="1x1" Column="0" Row="1" AppUserModelID="Microsoft.WindowsCalculator_8wekyb3d8bbwe!App" />
          <start:Tile Size="1x1" Column="0" Row="2" AppUserModelID="Microsoft.Todos_8wekyb3d8bbwe!App" />
          <start:Tile Size="2x2" Column="4" Row="0" AppUserModelID="Microsoft.Windows.Photos_8wekyb3d8bbwe!App" />
          <start:Tile Size="4x2" Column="2" Row="5" AppUserModelID="Microsoft.WindowsStore_8wekyb3d8bbwe!App" />
          <start:Tile Size="1x1" Column="4" Row="2" AppUserModelID="Microsoft.OfficeLens_8wekyb3d8bbwe!App" />
          <start:Tile Size="1x1" Column="3" Row="1" AppUserModelID="Microsoft.YourPhone_8wekyb3d8bbwe!App" />
          <start:Tile Size="1x1" Column="0" Row="0" AppUserModelID="Microsoft.MicrosoftStickyNotes_8wekyb3d8bbwe!App" />
          <start:Tile Size="1x1" Column="2" Row="1" AppUserModelID="Microsoft.WindowsAlarms_8wekyb3d8bbwe!App" />
          <start:Tile Size="1x1" Column="3" Row="2" AppUserModelID="Microsoft.BingNews_8wekyb3d8bbwe!AppexNews" />
          <start:Tile Size="1x1" Column="1" Row="1" AppUserModelID="Microsoft.WindowsMaps_8wekyb3d8bbwe!App" />
          <start:DesktopApplicationTile Size="1x1" Column="3" Row="0" DesktopApplicationLinkPath="%APPDATA%\Microsoft\Windows\Start Menu\Programs\System Tools\File Explorer.lnk" />
          <start:Tile Size="1x1" Column="5" Row="2" AppUserModelID="Microsoft.GetHelp_8wekyb3d8bbwe!App" />
          <start:Tile Size="1x1" Column="2" Row="2" AppUserModelID="Microsoft.MicrosoftEdge_8wekyb3d8bbwe!MicrosoftEdge" />
        </start:Group>
      </defaultlayout:StartLayout>
    </StartLayoutCollection>
  </DefaultLayoutOverride>
</LayoutModificationTemplate>